HTTPS,111.177.179.39:9999
HTTPS,220.168.52.245:55255
HTTP,119.101.115.189:9999
HTTP,119.39.238.47:9999
HTTPS,58.52.137.151:9999
HTTPS,117.70.38.55:9999
HTTP,119.101.117.233:9999
HTTP,119.101.114.244:9999
HTTP,119.101.113.130:9999
HTTPS,119.101.115.4:9999
HTTP,61.135.217.7:80
HTTPS,221.1.200.242:38652
HTTP,119.101.114.239:9999
HTTP,119.39.238.99:9999
HTTP,119.101.115.105:9999
HTTP,119.101.115.181:9999
HTTPS,111.177.168.69:9999
HTTPS,111.177.177.77:9999
HTTPS,119.101.113.14:9999
HTTPS,114.222.245.193:9999
HTTPS,119.101.116.121:9999
HTTPS,119.101.116.154:9999
HTTPS,119.101.116.214:9999
HTTPS,117.70.38.105:9999
HTTPS,119.101.114.254:9999
HTTP,119.101.113.103:9999
HTTPS,119.101.117.75:9999
HTTPS,119.101.113.86:9999
HTTPS,119.101.114.154:9999
HTTP,119.101.115.184:9999
HTTP,119.101.112.149:9999
HTTPS,119.101.113.80:9999
HTTPS,119.101.116.185:20651
HTTPS,119.101.112.119:9999
HTTP,119.101.115.83:9999
HTTP,27.42.168.46:48919
HTTPS,175.165.161.43:1133
HTTPS,119.101.112.123:9999
HTTPS,119.101.113.54:9999
HTTPS,119.101.113.38:9999
HTTPS,119.101.115.147:9999
HTTPS,119.101.116.210:9999
HTTPS,119.101.117.145:9999
HTTPS,119.101.115.199:9999
HTTP,119.101.112.40:9999
HTTPS,119.101.113.58:9999
HTTP,119.101.117.163:9999
HTTPS,119.39.238.120:9999
HTTP,119.101.117.183:9999
HTTPS,36.33.32.158:59019
HTTP,118.187.58.34:53281
HTTPS,119.101.117.159:9999
HTTPS,119.101.114.221:9999
HTTPS,222.218.140.14:8118
HTTPS,119.39.238.50:9999
HTTPS,119.101.112.69:9999
HTTPS,119.101.116.193:9999
HTTPS,119.101.117.112:9999
HTTPS,119.101.115.2:9999
HTTPS,119.39.238.26:9999
HTTP,119.101.115.158:9999
HTTP,119.39.238.213:9999
HTTPS,119.101.116.131:9999
HTTPS,221.214.167.3:38207
HTTPS,119.101.116.5:9999
HTTPS,119.101.115.19:9999
HTTP,119.101.113.173:9999
HTTPS,117.70.38.117:9999
HTTP,119.101.114.143:9999
HTTPS,119.101.116.73:9999
HTTPS,222.188.224.224:43547
HTTPS,119.101.118.18:9999
HTTPS,119.101.116.62:9999
HTTP,119.101.116.134:9999
HTTP,119.101.113.174:9999
HTTPS,119.101.116.86:9999
HTTP,119.101.116.48:9999
HTTPS,119.101.114.25:9999
HTTPS,110.52.234.109:9999
HTTPS,110.52.234.201:9999
HTTPS,119.101.112.66:9999
HTTPS,119.101.112.187:9999
HTTP,119.101.117.241:9999
HTTPS,119.101.112.90:9999
HTTPS,110.52.234.40:9999
HTTPS,119.101.113.129:9999
HTTP,119.101.113.108:9999
HTTPS,119.101.112.58:9999
HTTPS,110.52.234.72:9999
HTTPS,110.52.234.223:9999
HTTP,27.184.51.151:8118
HTTPS,119.101.116.90:9999
HTTP,110.52.234.142:9999
HTTPS,119.101.112.190:9999
HTTP,119.101.112.209:9999
HTTP,60.216.101.46:59351
HTTPS,119.101.116.74:9999
HTTPS,119.101.114.95:9999
HTTPS,119.101.116.66:9999
HTTPS,218.75.69.50:39590
HTTPS,218.59.228.18:61976
HTTPS,119.101.113.120:9999
HTTPS,119.101.113.178:9999
HTTPS,1.192.241.157:9999
HTTPS,119.101.117.44:9999
HTTPS,61.183.176.122:53281
HTTPS,119.101.113.35:9999
HTTPS,119.101.114.214:9999
HTTPS,119.101.114.130:9999
HTTPS,119.101.114.87:9999
HTTPS,110.52.234.24:9999
HTTP,119.101.112.86:9999
HTTPS,119.101.115.50:9999
HTTPS,183.15.120.81:3128
HTTPS,119.101.116.237:9999
HTTPS,111.177.174.70:9999
HTTP,119.101.115.168:9999
HTTPS,111.177.162.169:9999
HTTPS,119.39.238.96:9999
HTTPS,119.101.113.248:9999
HTTPS,123.132.232.254:37638
HTTP,119.101.115.228:9999
HTTP,119.101.114.74:9999
HTTPS,119.101.112.51:9999
HTTP,119.101.112.216:9999
HTTP,119.101.114.6:9999
HTTP,119.101.115.60:9999
HTTPS,119.101.113.155:9999
HTTPS,119.101.114.129:9999
HTTPS,182.111.64.7:41766
HTTPS,119.101.117.10:9999
HTTPS,119.101.114.196:9999
HTTPS,171.35.52.182:8118
HTTPS,119.101.116.225:9999
HTTPS,119.101.113.163:9999
HTTPS,222.128.9.235:59593
HTTP,119.101.115.136:9999
HTTPS,119.101.114.181:9999
HTTPS,119.101.113.246:9999
HTTPS,119.101.114.215:9999
HTTPS,119.101.115.44:9999
HTTPS,119.101.115.82:9999
HTTPS,119.101.113.25:9999
HTTPS,119.101.113.194:9999
HTTP,119.101.117.48:9999
HTTPS,119.101.112.88:9999
HTTP,119.101.116.167:9999
HTTPS,119.101.112.206:9999
HTTPS,119.101.117.230:9999
HTTPS,119.101.115.68:9999
HTTPS,119.101.115.131:9999
HTTPS,119.101.116.54:9999
HTTPS,119.101.114.7:9999
HTTPS,111.177.176.146:9999
HTTPS,111.177.173.176:9999
HTTPS,117.70.39.8:9999
HTTPS,111.177.167.180:9999
HTTPS,111.177.183.209:9999
HTTP,157.0.210.242:53909
HTTPS,111.177.185.35:9999
HTTP,119.101.112.107:9999
HTTP,119.101.115.103:9999
HTTP,119.101.114.220:9999
HTTP,119.101.113.111:9999
HTTP,119.101.117.1:9999
HTTP,119.101.116.26:9999
HTTPS,119.101.113.143:9999
HTTP,119.101.115.141:9999
HTTPS,119.101.114.217:9999
HTTP,119.101.117.28:9999
HTTP,119.101.112.245:9999
HTTP,119.101.116.130:9999
HTTPS,119.101.116.106:9999
HTTP,119.101.115.30:9999
HTTPS,113.65.5.106:8118
HTTPS,218.24.16.198:43620
HTTPS,119.101.113.196:9999
HTTPS,119.101.113.12:9999
HTTPS,218.65.219.119:36688
HTTPS,58.52.173.157:9999
HTTPS,119.101.112.254:9999
HTTP,119.101.116.102:9999
HTTPS,119.101.116.61:9999
HTTP,114.106.135.173:9999
HTTP,119.101.115.84:9999
HTTPS,119.101.115.21:9999
HTTP,111.197.236.152:9999
HTTP,221.226.162.142:9999
HTTPS,119.101.117.87:9999
HTTPS,119.101.117.107:9999
HTTP,119.101.113.144:9999
HTTP,119.101.115.26:9999
HTTPS,119.101.115.73:9999
HTTPS,119.101.112.170:9999
HTTPS,202.104.113.35:53281
HTTPS,221.218.102.146:33323
HTTPS,119.101.112.156:9999
HTTPS,222.94.148.225:808
HTTPS,111.177.160.97:9999
HTTPS,223.215.186.14:9999
HTTPS,111.177.186.204:9999
HTTPS,119.101.112.218:9999
HTTPS,119.101.116.98:9999
HTTPS,119.101.112.133:9999
HTTPS,111.177.179.16:9999
HTTPS,180.164.24.165:53281
HTTP,119.101.116.141:9999
HTTPS,119.101.116.24:9999
HTTPS,119.101.112.179:9999
HTTPS,119.39.238.117:9999
HTTPS,119.101.115.179:9999
HTTPS,119.101.112.251:9999
HTTPS,119.101.113.191:9999
HTTPS,119.101.113.68:9999
HTTP,119.101.112.65:9999
HTTPS,119.101.116.77:9999
HTTPS,119.101.117.26:9999
HTTPS,119.101.113.225:9999
HTTP,119.101.115.101:9999
HTTPS,119.101.117.238:9999
HTTPS,119.101.115.40:9999
HTTPS,218.76.253.201:61408
HTTPS,119.101.115.115:9999
HTTPS,119.101.114.44:9999
HTTPS,119.101.113.122:9999
HTTP,119.39.238.185:9999
HTTP,119.101.117.162:9999
HTTP,119.101.117.95:9999
HTTPS,117.70.38.196:9999
HTTPS,111.177.163.24:9999
HTTP,119.101.113.221:9999
HTTPS,113.120.63.56:9999
HTTPS,113.108.242.36:47713
HTTPS,119.101.117.178:9999
HTTPS,119.101.113.179:9999
HTTPS,139.129.207.72:808
HTTPS,182.111.64.8:21776
HTTP,119.101.113.217:9999
HTTPS,111.177.187.218:9999
HTTPS,119.101.112.83:9999
HTTPS,117.70.39.231:9999
HTTPS,111.177.177.12:9999
HTTPS,114.239.255.54:9999
HTTPS,119.101.115.56:9999
HTTP,119.101.112.136:9999
HTTPS,221.226.162.225:9999
HTTPS,111.177.175.105:9999
HTTP,119.101.116.226:9999
HTTPS,110.52.234.89:9999
HTTPS,119.101.113.118:9999
HTTPS,119.101.116.201:9999
HTTPS,119.101.116.169:9999
HTTP,119.101.112.33:9999
HTTPS,119.101.117.172:9999
HTTPS,110.52.234.176:9999
HTTPS,110.52.234.163:9999
HTTPS,119.101.113.182:9999
HTTPS,119.101.117.206:9999
HTTPS,119.101.115.219:9999
HTTP,119.101.114.93:9999
HTTPS,119.101.117.244:9999
HTTPS,119.101.113.224:9999
HTTPS,119.101.117.30:9999
HTTP,119.101.114.197:9999
HTTP,119.101.113.81:9999
HTTPS,111.179.22.250:9999
HTTPS,121.225.65.248:9999
HTTPS,111.179.22.27:9999
HTTPS,119.101.112.125:9999
HTTPS,119.101.117.189:9999
HTTPS,111.177.175.145:9999
HTTPS,119.101.117.249:9999
HTTPS,119.101.115.245:9999
HTTPS,119.101.116.194:9999
HTTPS,119.101.113.28:9999
HTTPS,111.177.162.207:9999
HTTPS,111.177.184.104:9999
HTTPS,221.226.195.189:9999
HTTPS,115.219.111.73:8010
HTTPS,111.177.164.223:9999
HTTPS,111.177.173.97:9999
HTTP,119.101.117.38:9999
HTTPS,119.101.112.237:9999
HTTPS,119.39.238.254:9999
HTTPS,119.101.113.139:9999
HTTPS,119.101.115.135:9999
HTTPS,119.101.114.105:9999
HTTPS,119.101.113.104:9999
HTTPS,119.101.117.226:9999
HTTPS,119.101.112.11:9999
HTTPS,58.56.108.226:43296
HTTPS,119.101.116.67:9999
HTTPS,119.101.115.11:9999
HTTPS,61.142.72.150:39894
HTTPS,115.182.212.169:8080
HTTPS,119.101.117.217:9999
HTTPS,119.101.116.182:9999
HTTPS,119.101.114.201:9999
HTTP,119.101.114.37:9999
HTTPS,119.101.113.235:9999