https,218.77.183.125:8080,218.77.183.125:8080
https,60.6.241.72:808,60.6.241.72:808
https,58.52.137.151:9999,58.52.137.151:9999
https,119.101.115.4:9999,119.101.115.4:9999
https,119.101.113.14:9999,119.101.113.14:9999
https,119.101.116.214:9999,119.101.116.214:9999
https,119.101.113.86:9999,119.101.113.86:9999
https,119.101.114.154:9999,119.101.114.154:9999
https,119.101.116.154:9999,119.101.116.154:9999
https,119.101.112.119:9999,119.101.112.119:9999
https,175.165.161.43:1133,175.165.161.43:1133
https,119.101.112.123:9999,119.101.112.123:9999
https,119.101.115.147:9999,119.101.115.147:9999
https,119.101.113.58:9999,119.101.113.58:9999
https,119.101.114.221:9999,119.101.114.221:9999
https,119.101.112.69:9999,119.101.112.69:9999
https,119.101.116.210:9999,119.101.116.210:9999
https,119.101.115.2:9999,119.101.115.2:9999
https,119.101.116.131:9999,119.101.116.131:9999
https,119.39.238.26:9999,119.39.238.26:9999
https,119.39.238.50:9999,119.39.238.50:9999
https,119.101.117.112:9999,119.101.117.112:9999
https,119.101.116.62:9999,119.101.116.62:9999
https,119.101.116.86:9999,119.101.116.86:9999
https,110.52.234.109:9999,110.52.234.109:9999
https,119.101.112.187:9999,119.101.112.187:9999
https,119.101.116.73:9999,119.101.116.73:9999
https,119.101.113.129:9999,119.101.113.129:9999
https,119.101.114.95:9999,119.101.114.95:9999
https,119.101.116.66:9999,119.101.116.66:9999
https,1.192.241.157:9999,1.192.241.157:9999
https,119.101.112.90:9999,119.101.112.90:9999
https,119.101.113.120:9999,119.101.113.120:9999
https,119.101.114.87:9999,119.101.114.87:9999
https,111.177.174.70:9999,111.177.174.70:9999
https,119.101.116.74:9999,119.101.116.74:9999
https,119.39.238.96:9999,119.39.238.96:9999
https,119.101.113.178:9999,119.101.113.178:9999
https,119.101.112.51:9999,119.101.112.51:9999
https,119.101.114.214:9999,119.101.114.214:9999
https,119.101.113.163:9999,119.101.113.163:9999
https,119.101.114.215:9999,119.101.114.215:9999
https,119.101.113.246:9999,119.101.113.246:9999
https,119.101.115.44:9999,119.101.115.44:9999
https,119.101.113.25:9999,119.101.113.25:9999
https,119.101.117.230:9999,119.101.117.230:9999
https,119.101.112.88:9999,119.101.112.88:9999
https,119.101.115.68:9999,119.101.115.68:9999
https,111.177.173.176:9999,111.177.173.176:9999
https,111.177.183.209:9999,111.177.183.209:9999
https,119.101.114.196:9999,119.101.114.196:9999
https,119.101.113.143:9999,119.101.113.143:9999
https,119.101.113.194:9999,119.101.113.194:9999
https,119.101.113.12:9999,119.101.113.12:9999
https,119.101.117.107:9999,119.101.117.107:9999
https,119.101.114.217:9999,119.101.114.217:9999
https,119.101.112.170:9999,119.101.112.170:9999
https,119.101.116.98:9999,119.101.116.98:9999
https,119.101.117.87:9999,119.101.117.87:9999
https,119.101.112.251:9999,119.101.112.251:9999
https,119.39.238.117:9999,119.39.238.117:9999
https,119.101.116.77:9999,119.101.116.77:9999
https,119.101.113.225:9999,119.101.113.225:9999
https,119.101.113.191:9999,119.101.113.191:9999
https,119.101.112.179:9999,119.101.112.179:9999
https,119.101.117.26:9999,119.101.117.26:9999
https,119.101.112.133:9999,119.101.112.133:9999
https,119.101.112.83:9999,119.101.112.83:9999
https,119.101.114.44:9999,119.101.114.44:9999
https,119.101.113.182:9999,119.101.113.182:9999
https,119.101.115.219:9999,119.101.115.219:9999
https,119.101.117.244:9999,119.101.117.244:9999
https,119.101.117.30:9999,119.101.117.30:9999
https,111.177.162.207:9999,111.177.162.207:9999
https,119.39.238.254:9999,119.39.238.254:9999
https,119.101.115.135:9999,119.101.115.135:9999
https,119.101.114.105:9999,119.101.114.105:9999
https,119.101.114.201:9999,119.101.114.201:9999
https,119.101.113.235:9999,119.101.113.235:9999
https,111.177.179.39:9999,111.177.179.39:9999
https,119.101.115.4:9999,119.101.115.4:9999
https,119.101.116.121:9999,119.101.116.121:9999
https,119.101.113.14:9999,119.101.113.14:9999
https,119.101.113.86:9999,119.101.113.86:9999
https,119.101.112.123:9999,119.101.112.123:9999
https,119.101.113.54:9999,119.101.113.54:9999
https,175.165.161.43:1133,175.165.161.43:1133
https,119.101.112.119:9999,119.101.112.119:9999
https,119.101.116.210:9999,119.101.116.210:9999
https,119.101.115.147:9999,119.101.115.147:9999
https,119.101.117.145:9999,119.101.117.145:9999
https,119.101.115.199:9999,119.101.115.199:9999
https,119.101.113.58:9999,119.101.113.58:9999
https,119.39.238.120:9999,119.39.238.120:9999
https,119.101.116.193:9999,119.101.116.193:9999
https,119.101.112.69:9999,119.101.112.69:9999
https,119.101.114.221:9999,119.101.114.221:9999
https,119.101.115.2:9999,119.101.115.2:9999
https,119.39.238.50:9999,119.39.238.50:9999
https,119.101.116.5:9999,119.101.116.5:9999
https,119.101.116.62:9999,119.101.116.62:9999
https,119.101.114.25:9999,119.101.114.25:9999
https,119.101.116.86:9999,119.101.116.86:9999
https,119.101.112.66:9999,119.101.112.66:9999
https,119.101.112.187:9999,119.101.112.187:9999
https,119.101.118.18:9999,119.101.118.18:9999
https,110.52.234.40:9999,110.52.234.40:9999
https,119.101.112.190:9999,119.101.112.190:9999
https,119.101.116.74:9999,119.101.116.74:9999
https,119.101.114.95:9999,119.101.114.95:9999
https,119.101.113.120:9999,119.101.113.120:9999
https,1.192.241.157:9999,1.192.241.157:9999
https,119.101.113.178:9999,119.101.113.178:9999
https,119.101.113.35:9999,119.101.113.35:9999
https,119.101.114.130:9999,119.101.114.130:9999
https,110.52.234.72:9999,110.52.234.72:9999
https,119.101.114.214:9999,119.101.114.214:9999
https,119.101.114.87:9999,119.101.114.87:9999
https,119.101.115.50:9999,119.101.115.50:9999
https,119.39.238.96:9999,119.39.238.96:9999
https,119.101.112.51:9999,119.101.112.51:9999
https,119.101.113.248:9999,119.101.113.248:9999
https,119.101.114.129:9999,119.101.114.129:9999
https,111.177.174.70:9999,111.177.174.70:9999
https,119.101.114.196:9999,119.101.114.196:9999
https,119.101.115.44:9999,119.101.115.44:9999
https,119.101.113.25:9999,119.101.113.25:9999
https,119.101.113.194:9999,119.101.113.194:9999
https,119.101.114.215:9999,119.101.114.215:9999
https,119.101.117.230:9999,119.101.117.230:9999
https,119.101.116.54:9999,119.101.116.54:9999
https,119.101.114.7:9999,119.101.114.7:9999
https,119.101.113.246:9999,119.101.113.246:9999
https,111.177.183.209:9999,111.177.183.209:9999
https,119.101.115.68:9999,119.101.115.68:9999
https,119.101.113.143:9999,119.101.113.143:9999
https,119.101.113.12:9999,119.101.113.12:9999
https,119.101.115.21:9999,119.101.115.21:9999
https,119.101.117.107:9999,119.101.117.107:9999
https,119.101.112.254:9999,119.101.112.254:9999
https,119.101.116.61:9999,119.101.116.61:9999
https,223.215.186.14:9999,223.215.186.14:9999
https,119.101.115.73:9999,119.101.115.73:9999
https,119.101.116.98:9999,119.101.116.98:9999
https,119.101.112.170:9999,119.101.112.170:9999
https,119.101.112.133:9999,119.101.112.133:9999
https,119.101.112.156:9999,119.101.112.156:9999
https,119.101.112.179:9999,119.101.112.179:9999
https,119.101.112.251:9999,119.101.112.251:9999
https,119.101.113.191:9999,119.101.113.191:9999
https,119.101.113.68:9999,119.101.113.68:9999
https,119.101.116.77:9999,119.101.116.77:9999
https,119.101.117.238:9999,119.101.117.238:9999
https,119.101.114.44:9999,119.101.114.44:9999
https,119.101.115.115:9999,119.101.115.115:9999
https,113.120.63.56:9999,113.120.63.56:9999
https,221.226.162.225:9999,221.226.162.225:9999
https,119.101.112.83:9999,119.101.112.83:9999
https,119.101.116.201:9999,119.101.116.201:9999
https,119.101.116.169:9999,119.101.116.169:9999
https,119.101.113.182:9999,119.101.113.182:9999
https,119.101.116.194:9999,119.101.116.194:9999
https,119.101.113.28:9999,119.101.113.28:9999
https,111.177.162.207:9999,111.177.162.207:9999
https,119.101.115.245:9999,119.101.115.245:9999
https,119.101.112.237:9999,119.101.112.237:9999
https,119.101.114.105:9999,119.101.114.105:9999
https,119.101.117.226:9999,119.101.117.226:9999
https,119.101.116.67:9999,119.101.116.67:9999
https,119.101.113.139:9999,119.101.113.139:9999
https,119.39.238.254:9999,119.39.238.254:9999
https,119.101.116.182:9999,119.101.116.182:9999
https,119.101.113.235:9999,119.101.113.235:9999
https,115.182.212.169:8080,115.182.212.169:8080
